{
    "CVE_ENT": {
        "0": 1,
        "1": 2,
        "2": 3,
        "3": 4,
        "4": 5,
        "5": 6,
        "6": 7,
        "7": 8,
        "8": 9,
        "9": 10,
        "10": 11,
        "11": 12,
        "12": 13,
        "13": 14,
        "14": 15,
        "15": 16,
        "16": 17,
        "17": 18,
        "18": 19,
        "19": 20,
        "20": 21,
        "21": 22,
        "22": 23,
        "23": 24,
        "24": 25,
        "25": 26,
        "26": 27,
        "27": 28,
        "28": 29,
        "29": 30,
        "30": 31,
        "31": 32
    },
    "nombre entidad": {
        "0": "Aguascalientes",
        "1": "Baja California",
        "2": "Baja California Sur",
        "3": "Campeche",
        "4": "Coahuila de Zaragoza",
        "5": "Colima",
        "6": "Chiapas",
        "7": "Chihuahua",
        "8": "Ciudad de M\ufffdxico",
        "9": "Durango",
        "10": "Guanajuato",
        "11": "Guerrero",
        "12": "Hidalgo",
        "13": "Jalisco",
        "14": "M\ufffdxico",
        "15": "Michoac\ufffdn de Ocampo",
        "16": "Morelos",
        "17": "Nayarit",
        "18": "Nuevo Le\ufffdn",
        "19": "Oaxaca",
        "20": "Puebla",
        "21": "Quer\ufffdtaro",
        "22": "Quintana Roo",
        "23": "San Luis Potos\ufffd",
        "24": "Sinaloa",
        "25": "Sonora",
        "26": "Tabasco",
        "27": "Tamaulipas",
        "28": "Tlaxcala",
        "29": "Veracruz de Ignacio de la Llave",
        "30": "Yucat\ufffdn",
        "31": "Zacatecas"
    }
}